,Hashtags,Occurences
0,#FoodNetworkKitchen,13
1,#BobbysBurgers,1
2,#BeatBobbyFlay,1
3,#RestaurantImpossible,1
4,#GroceryGames,2
5,#TheKitchen,1
6,#bringme,1
7,#portlandtravel,1
8,#sushirestuarant,1
9,#sushi,1
10,#oregontravel,1
11,#sustainability,1
12,#cilantro,1
13,#cilantroHATE,1
14,#7,1
15,#follow,1
16,#kitchen,1
17,#gadgets,1
18,#more,1
19,#free,1
20,#SymonDinners,1
21,#dilsefoodie,10
22,#SocialMaxAwards2020,1
23,#NowMax,1
24,#worldsocialmediaday,1
25,#firstonlinesocialmediaawards,1
26,#stayhome,1
27,#staysafe,1
28,#TalkHealth,1
29,#fitnessmotivation,1
30,#wednesdayworkout,1
31,#worldchocolateday,1
32,#TalkRecipe,1
33,#sundaymealprep,1
34,#sundayvibes,1
35,#SaturdayNight,1
36,#SaturdayMood,1
